Company Name,Root URL,Contact Email,Contact Phone
Huma,huma.com,support.diabetes@huma.com,+44 203 743 0060
Zoe,zoe.com,N/A,N/A
Thriva,thriva.co,N/A,N/A
Spill,spill.chat,complaints@spill.chat,N/A
Peppy Health,peppy.health,support@peppy.health,+1 412-213-8192
Numan,numan.com,help@numan.com,0808 169 9594
Manual,manual.co,help@manual.co,020 4538 8411
HealthHero,healthhero.com,uc-info@healthhero.com,0800 6444 200
Oviva,oviva.com,caroline.taylor@oviva.com,020 7622 4777
Kheiron Medical,kheironmed.com,info@kheironmed.com,+44 (0)20 7039 3500
Healx,healx.io,N/A,+972-77-774-1484 (Israel)
Koa Health,koahealth.com,care@koahealth.com,N/A
Vira Health,vira.health,N/A,N/A
Ampersand Health,ampersandhealth.co.uk,info@ampersandhealth.co.uk,0207 112 7100
Dr Julian,dr-julian.com,info@dr-julian.com,0203 8855828
Hormona,hormona.io,hello@hormona.io,+44 7472701556
Fertifa,fertifa.com,info@fertifa.com,N/A
Hero Health,herohealth.net,support@herohealth.com,855-855-9962
Isla Health,isla.health,hello@isla.health,N/A
KareInn,kareinn.com,hello@kareinn.com,0800 970 5185
Locum's Nest,locumsnest.co.uk,support@locumsnest.co.uk,+44 203 966 0294
ORCHA Health,orchahealth.com,hello@orchahealth.com,+44 (0) 1925 606 542
Vinehealth,vinehealth.ai,N/A,N/A
Charac,charac.co.uk,support@charac.co.uk,N/A
Circle Health Group,circlehealthgroup.co.uk,youropinioncounts@circlehealthgroup.co.uk,N/A
Spire Healthcare,spirehealthcare.com,N/A,N/A
Nuffield Health,nuffieldhealth.com,marketing.enquiries@nuffieldhealth.com,07775 501647
HCA Healthcare,hcahealthcare.co.uk,company.secretary@hcahealthcare.co.uk,020 7616 4848
Aide Health,aide.health,support@aide.health,N/A
Holly Health,hollyhealth.io,hello@hollyhealth.io,+44 7891 339683
Inflow,getinflow.io,hello@getinflow.io,N/A
Belle Health,bellehealth.co,support@bellehealth.co,+44 7585 274827
Birdie,birdie.care,support@birdie.care,+44 7520641993
Cera,cerahq.com,contact-us@ceracare.co.uk,N/A
Unmind,unmind.com,N/A,N/A
Lantum,lantum.com,N/A,N/A
Semble,semble.io,N/A,N/A
ZoomDoc,zoomdoc.com,N/A,N/A
Leva Clinic,levaclinic.com,N/A,N/A
Adora Health,adora.health,N/A,N/A
Dawa Innovation,dawainnovation.com,N/A,N/A
Coloplast,coloplast.co.uk,N/A,N/A
TympaHealth,tympahealth.com,N/A,N/A
Agilio Software,agiliosoftware.com,N/A,N/A
Evaro,evaro.com,N/A,N/A
CardMedic,cardmedic.com,N/A,N/A
Careology,careology.health,N/A,N/A
Anya Health,anya.health,N/A,N/A
